election_date,kind,sample_date,eligible,registered_cor,registered_ror,e_day,vbm,total,eligible_source,registered_cor_source,registered_ror_source,e_day_source,vbm_source,confidence
1899-12-02,Special,,,70726,,,,,,SF Dept. of Elections historical turnout table (1899–2019),,,,
1902-12-02,Special,,,70764,,,,,,SF Dept. of Elections historical turnout table (1899–2019),,,,
1903-09-29,Special,,,73540,,,,,,SF Dept. of Elections historical turnout table (1899–2019),,,,
1903-10-08,Special,,,73702,,,,,,SF Dept. of Elections historical turnout table (1899–2019),,,,
1908-11-03,General,,,75467,,,,,,archival recovery (per-release; see sources.json),,,,
1912-11-05,General,,,134688,,,,,,archival recovery (per-release; see sources.json),,,,
1914-11-03,General,,,161846,,,,,,archival recovery (per-release; see sources.json),,,,
1916-11-07,General,,,184819,,,,,,archival recovery (per-release; see sources.json),,,,
1918-11-05,General,,,175109,,,,,,SF Dept. of Elections historical turnout table (1899–2019),,,,
1920-11-02,General,,,210024,,,,,,archival recovery (per-release; see sources.json),,,,
1922-11-07,General,,,201563,,,,,,archival recovery (per-release; see sources.json),,,,
1924-11-04,General,,,219434,,,,,,archival recovery (per-release; see sources.json),,,,
1926-11-02,General,,,222799,,,,,,archival recovery (per-release; see sources.json),,,,
1928-11-06,General,,,253053,,,,,,archival recovery (per-release; see sources.json),,,,
1930-11-04,General,,,228582,,,,,,archival recovery (per-release; see sources.json),,,,
1932-11-08,General,,,273487,,,,,,archival recovery (per-release; see sources.json),,,,
1934-11-06,General,,,290683,,,,,,SF Dept. of Elections historical turnout table (1899–2019),,,,
1936-11-03,General,,,314990,,,,,,archival recovery (per-release; see sources.json),,,,
1938-11-08,General,,,340739,,,,,,archival recovery (per-release; see sources.json),,,,
1940-11-05,General,,,383845,,,,,,archival recovery (per-release; see sources.json),,,,
1942-11-03,General,,,367352,,,,,,archival recovery (per-release; see sources.json),,,,
1944-11-07,General,,,405921,,,,,,SF Dept. of Elections historical turnout table (1899–2019),,,,
1946-11-05,General,,,430114,,,,,,archival recovery (per-release; see sources.json),,,,
1948-11-02,General,,,459769,,,,,,archival recovery (per-release; see sources.json),,,,
1950-11-07,General,,,429864,,,,,,archival recovery (per-release; see sources.json),,,,
1952-11-04,General,,,431959,,,,,,archival recovery (per-release; see sources.json),,,,
1954-11-02,General,,,401900,,,,,,archival recovery (per-release; see sources.json),,,,
1956-11-06,General,,,397385,,,,,,archival recovery (per-release; see sources.json),,,,
1960-11-08,General,,,404613,,,,,,archival recovery (per-release; see sources.json),,,,
1964-11-03,General,,,389990,,313134,18478,331612,,archival recovery (per-release; see sources.json),,SF Dept. of Elections turnout history (1960–2002),SF Dept. of Elections turnout history (1960–2002),
1968-11-05,General,,,374335,,287514,19498,307012,,archival recovery (per-release; see sources.json),,SF Dept. of Elections turnout history (1960–2002),SF Dept. of Elections turnout history (1960–2002),
1972-06-06,Primary,,,368357,,218176,16664,234840,,SF Dept. of Elections historical turnout table (1899–2019),,SF Dept. of Elections turnout history (1960–2002),SF Dept. of Elections turnout history (1960–2002),
1972-11-07,General,,,426338,,289010,27793,316803,,archival recovery (per-release; see sources.json),,SF Dept. of Elections turnout history (1960–2002),SF Dept. of Elections turnout history (1960–2002),
1973-11-06,Municipal,,,337065,,190080,12157,202237,,archival recovery (per-release; see sources.json),,SF Dept. of Elections turnout history (1960–2002),SF Dept. of Elections turnout history (1960–2002),
1974-06-04,Primary,,,350380,,184369,14139,198508,,archival recovery (per-release; see sources.json),,SF Dept. of Elections turnout history (1960–2002),SF Dept. of Elections turnout history (1960–2002),
1974-11-05,General,,,369005,,213114,15472,228586,,SF Dept. of Elections historical turnout table (1899–2019),,SF Dept. of Elections turnout history (1960–2002),SF Dept. of Elections turnout history (1960–2002),
1975-11-04,Municipal,,,296505,,206167,9392,215559,,archival recovery (per-release; see sources.json),,SF Dept. of Elections turnout history (1960–2002),SF Dept. of Elections turnout history (1960–2002),
1975-12-11,Municipal,,,302344,,190741,10063,200804,,archival recovery (per-release; see sources.json),,SF Dept. of Elections turnout history (1960–2002),SF Dept. of Elections turnout history (1960–2002),
1976-06-08,Primary,,,311254,,191684,17200,208884,,SF Dept. of Elections historical turnout table (1899–2019),,SF Dept. of Elections turnout history (1960–2002),SF Dept. of Elections turnout history (1960–2002),
1976-11-02,General,,,345954,,231144,21788,252932,,archival recovery (per-release; see sources.json),,SF Dept. of Elections turnout history (1960–2002),SF Dept. of Elections turnout history (1960–2002),
1977-08-02,Special,,,336046,,161622,16745,178367,,SF Dept. of Elections historical turnout table (1899–2019),,SF Dept. of Elections turnout history (1960–2002),SF Dept. of Elections turnout history (1960–2002),
1977-11-08,Municipal,,,339306,,162209,13373,175582,,archival recovery (per-release; see sources.json),,SF Dept. of Elections turnout history (1960–2002),SF Dept. of Elections turnout history (1960–2002),
1978-06-06,Primary,,,350856,,185959,17972,203931,,archival recovery (per-release; see sources.json),,SF Dept. of Elections turnout history (1960–2002),SF Dept. of Elections turnout history (1960–2002),
1978-11-07,General,1978-11-07,470773,380749,380749,197263,20702,217965,Statement of Vote — participation table (https://archive.org/details/statementofvote197879cali),archival recovery (per-release; see sources.json),Statement of Vote — participation table (https://archive.org/details/statementofvote197879cali),SF Dept. of Elections turnout history (1960–2002),SF Dept. of Elections turnout history (1960–2002),high
1979-11-06,Municipal,,,372061,,190396,14473,204869,,archival recovery (per-release; see sources.json),,SF Dept. of Elections turnout history (1960–2002),SF Dept. of Elections turnout history (1960–2002),
1979-12-11,Special,,,378232,,178347,17994,196341,,SF Dept. of Elections historical turnout table (1899–2019),,SF Dept. of Elections turnout history (1960–2002),SF Dept. of Elections turnout history (1960–2002),
1980-06-03,Primary,,,403382,,191196,15170,206366,,SF Dept. of Elections historical turnout table (1899–2019),,SF Dept. of Elections turnout history (1960–2002),SF Dept. of Elections turnout history (1960–2002),
1980-08-19,Special,,,404035,,119566,20985,140551,,SF Dept. of Elections historical turnout table (1899–2019),,SF Dept. of Elections turnout history (1960–2002),SF Dept. of Elections turnout history (1960–2002),
1980-11-04,General,1980-11-04,492546,407982,407982,237013,31057,268070,Statement of Vote — participation table (https://archive.org/details/statementofvote41980cali),archival recovery (per-release; see sources.json),Statement of Vote — participation table (https://archive.org/details/statementofvote41980cali),SF Dept. of Elections turnout history (1960–2002),SF Dept. of Elections turnout history (1960–2002),high
1981-11-03,Municipal,,,395213,,88783,10875,99658,,archival recovery (per-release; see sources.json),,SF Dept. of Elections turnout history (1960–2002),SF Dept. of Elections turnout history (1960–2002),
1982-06-08,Primary,1982-06-08,485951,344483,344483,156646,19735,176381,Statement of Vote — participation table (https://archive.org/details/statementofvote81982cali),archival recovery (per-release; see sources.json),Statement of Vote — participation table (https://archive.org/details/statementofvote81982cali),SF Dept. of Elections turnout history (1960–2002),SF Dept. of Elections turnout history (1960–2002),high
1982-11-02,General,,,377069,,211195,27796,238991,,archival recovery (per-release; see sources.json),,SF Dept. of Elections turnout history (1960–2002),SF Dept. of Elections turnout history (1960–2002),
1983-04-26,Recall,,,354104,,107973,59294,167267,,archival recovery (per-release; see sources.json),,SF Dept. of Elections turnout history (1960–2002),SF Dept. of Elections turnout history (1960–2002),
1983-11-08,Municipal,,,371005,,141198,29430,170628,,archival recovery (per-release; see sources.json),,SF Dept. of Elections turnout history (1960–2002),SF Dept. of Elections turnout history (1960–2002),
1984-06-05,Primary,,,375799,,151013,29728,180741,,SF Dept. of Elections historical turnout table (1899–2019),,SF Dept. of Elections turnout history (1960–2002),SF Dept. of Elections turnout history (1960–2002),
1984-11-06,General,1984-11-06,484645,424091,424091,253931,44586,298517,Statement of Vote — participation table (https://archive.org/details/statementofvote61984cali),archival recovery (per-release; see sources.json),Statement of Vote — participation table (https://archive.org/details/statementofvote61984cali),SF Dept. of Elections turnout history (1960–2002),SF Dept. of Elections turnout history (1960–2002),high
1985-11-05,Municipal,,,399422,,84547,23373,107920,,archival recovery (per-release; see sources.json),,SF Dept. of Elections turnout history (1960–2002),SF Dept. of Elections turnout history (1960–2002),
1986-06-03,Primary,,,369468,,125143,21337,146480,,archival recovery (per-release; see sources.json),,SF Dept. of Elections turnout history (1960–2002),SF Dept. of Elections turnout history (1960–2002),
1986-11-04,General,1986-11-04,496427,385847,385847,202055,34808,236863,Statement of Vote — participation table (https://archive.org/details/statementofvote41986cali),archival recovery (per-release; see sources.json),Statement of Vote — participation table (https://archive.org/details/statementofvote41986cali),SF Dept. of Elections turnout history (1960–2002),SF Dept. of Elections turnout history (1960–2002),high
1987-04-07,Special,,,280811,,80547,30976,111523,,archival recovery (per-release; see sources.json),,SF Dept. of Elections turnout history (1960–2002),SF Dept. of Elections turnout history (1960–2002),
1987-06-02,Special,,,363356,,57889,35121,93010,,archival recovery (per-release; see sources.json),,SF Dept. of Elections turnout history (1960–2002),SF Dept. of Elections turnout history (1960–2002),
1987-11-03,Municipal,,,378546,,156480,37262,193742,,archival recovery (per-release; see sources.json),,SF Dept. of Elections turnout history (1960–2002),SF Dept. of Elections turnout history (1960–2002),
1987-12-08,Municipal,,,380852,,113400,40320,153720,,archival recovery (per-release; see sources.json),,SF Dept. of Elections turnout history (1960–2002),SF Dept. of Elections turnout history (1960–2002),
1988-06-07,Primary,,,383675,,156474,28946,185420,,archival recovery (per-release; see sources.json),,SF Dept. of Elections turnout history (1960–2002),SF Dept. of Elections turnout history (1960–2002),
1988-11-08,General,1988-11-08,554796,435536,435545,208546,83551,292097,Statement of Vote — participation table (https://archive.org/details/statementofvote81988cali),archival recovery (per-release; see sources.json),Statement of Vote — participation table (https://archive.org/details/statementofvote81988cali),SF Dept. of Elections turnout history (1960–2002),SF Dept. of Elections turnout history (1960–2002),medium
1989-11-07,Municipal,,,405536,,144657,37205,181862,,archival recovery (per-release; see sources.json),,SF Dept. of Elections turnout history (1960–2002),SF Dept. of Elections turnout history (1960–2002),
1990-06-05,Primary,,,389552,,122026,39963,161989,,archival recovery (per-release; see sources.json),,SF Dept. of Elections turnout history (1960–2002),SF Dept. of Elections turnout history (1960–2002),
1990-11-06,General,1990-11-06,484956,409163,409334,181425,54988,236413,Statement of Vote — participation table (https://archive.org/details/statementofvote61990cali),archival recovery (per-release; see sources.json),Statement of Vote — participation table (https://archive.org/details/statementofvote61990cali),SF Dept. of Elections turnout history (1960–2002),SF Dept. of Elections turnout history (1960–2002),high
1991-11-05,Municipal,,,421919,,156090,44785,200875,,archival recovery (per-release; see sources.json),,SF Dept. of Elections turnout history (1960–2002),SF Dept. of Elections turnout history (1960–2002),
1991-12-10,Municipal,,,425316,,143839,71912,215751,,archival recovery (per-release; see sources.json),,SF Dept. of Elections turnout history (1960–2002),SF Dept. of Elections turnout history (1960–2002),
1992-06-02,Primary,1992-06-02,478079,432838,432867,143468,39109,182577,Statement of Vote — participation table (https://archive.org/details/statementofvote21992cali),archival recovery (per-release; see sources.json),Statement of Vote — participation table (https://archive.org/details/statementofvote21992cali),SF Dept. of Elections turnout history (1960–2002),SF Dept. of Elections turnout history (1960–2002),medium
1992-11-03,General,,,477726,,255071,74624,329695,,archival recovery (per-release; see sources.json),,SF Dept. of Elections turnout history (1960–2002),SF Dept. of Elections turnout history (1960–2002),
1993-06-15,Special,,,421635,,50131,34655,84786,,archival recovery (per-release; see sources.json),,SF Dept. of Elections turnout history (1960–2002),SF Dept. of Elections turnout history (1960–2002),
1993-11-02,Municipal,,,425034,,113377,44769,158146,,archival recovery (per-release; see sources.json),,SF Dept. of Elections turnout history (1960–2002),SF Dept. of Elections turnout history (1960–2002),
1994-06-07,Primary,,,422776,,98564,36931,135495,,archival recovery (per-release; see sources.json),,SF Dept. of Elections turnout history (1960–2002),SF Dept. of Elections turnout history (1960–2002),
1994-11-08,General,1994-11-08,467029,450649,450649,175502,74167,249669,Statement of Vote — participation table (https://archive.org/details/statementofvote81994cali),archival recovery (per-release; see sources.json),Statement of Vote — participation table (https://archive.org/details/statementofvote81994cali),SF Dept. of Elections turnout history (1960–2002),SF Dept. of Elections turnout history (1960–2002),low
1995-11-07,Municipal,,,417883,,152017,64718,216735,,archival recovery (per-release; see sources.json),,SF Dept. of Elections turnout history (1960–2002),SF Dept. of Elections turnout history (1960–2002),
1995-12-12,Municipal,,,425969,,130573,67753,198326,,archival recovery (per-release; see sources.json),,SF Dept. of Elections turnout history (1960–2002),SF Dept. of Elections turnout history (1960–2002),
1996-03-26,Primary,,,440254,,126643,51522,178165,,archival recovery (per-release; see sources.json),,SF Dept. of Elections turnout history (1960–2002),SF Dept. of Elections turnout history (1960–2002),
1996-11-05,General,1996-10-25,479127,481902,482541,223339,75309,298648,Statement of Vote — participation table (https://infoweb-newsbank-com.ezproxy.sfpl.org/apps/news/document-view?p=WORLDNEWS&docref=news/1063FBAA6480CFD4),archival recovery (per-release; see sources.json),Statement of Vote — participation table (https://infoweb-newsbank-com.ezproxy.sfpl.org/apps/news/document-view?p=WORLDNEWS&docref=news/1063FBAA6480CFD4),SF Dept. of Elections turnout history (1960–2002),SF Dept. of Elections turnout history (1960–2002),low
1997-06-03,Special,,,411230,,129156,49792,178948,,archival recovery (per-release; see sources.json),,SF Dept. of Elections turnout history (1960–2002),SF Dept. of Elections turnout history (1960–2002),
1997-11-04,Municipal,,,413355,,87352,38345,125697,,archival recovery (per-release; see sources.json),,SF Dept. of Elections turnout history (1960–2002),SF Dept. of Elections turnout history (1960–2002),
1998-06-02,Primary,,,430794,,137812,61345,199157,,archival recovery (per-release; see sources.json),,SF Dept. of Elections turnout history (1960–2002),SF Dept. of Elections turnout history (1960–2002),
1998-11-03,General,,,448888,,183839,66880,250719,,archival recovery (per-release; see sources.json),,SF Dept. of Elections turnout history (1960–2002),SF Dept. of Elections turnout history (1960–2002),
1999-11-02,Municipal,,,453151,,151447,52227,203674,,archival recovery (per-release; see sources.json),,SF Dept. of Elections turnout history (1960–2002),SF Dept. of Elections turnout history (1960–2002),
1999-12-14,Municipal,,,467295,,154357,73890,228247,,archival recovery (per-release; see sources.json),,SF Dept. of Elections turnout history (1960–2002),SF Dept. of Elections turnout history (1960–2002),
2000-03-07,Primary,,,468198,,155955,54274,210229,,archival recovery (per-release; see sources.json),,SF Dept. of Elections turnout history (1960–2002),SF Dept. of Elections turnout history (1960–2002),
2000-11-07,General,,,486636,,241234,82797,324031,,archival recovery (per-release; see sources.json),,SF Dept. of Elections turnout history (1960–2002),SF Dept. of Elections turnout history (1960–2002),
2000-12-12,Municipal,,,398234,,81670,47959,129629,,archival recovery (per-release; see sources.json),,SF Dept. of Elections turnout history (1960–2002),SF Dept. of Elections turnout history (1960–2002),
2001-11-06,Municipal,,,452543,,96876,37148,134024,,archival recovery (per-release; see sources.json),,SF Dept. of Elections turnout history (1960–2002),SF Dept. of Elections turnout history (1960–2002),
2001-12-11,Municipal,,,453961,,44294,30973,75267,,archival recovery (per-release; see sources.json),,SF Dept. of Elections historical turnout table (1899–2019),SF Dept. of Elections historical turnout table (1899–2019),
2002-03-05,Primary,2002-02-19,576971,440016,440016,98669,51580,150249,CA Secretary of State — Report of Registration (https://elections.cdn.sos.ca.gov/ror/ror-pages/15day-prim-02/county.pdf),archival recovery (per-release; see sources.json),CA Secretary of State — Report of Registration (https://elections.cdn.sos.ca.gov/ror/ror-pages/15day-prim-02/county.pdf),"Certified Statement of Vote (DOE SOV sf020305.xls (mirror/doe-archives), sheet 'Propositions')","Certified Statement of Vote (DOE SOV sf020305.xls (mirror/doe-archives), sheet 'Propositions')",
2002-11-05,General,2002-10-21,574619,449508,449396,159645,65457,225102,CA Secretary of State — Report of Registration (https://elections.cdn.sos.ca.gov/ror/ror-pages/15day-gen-02/county.pdf),archival recovery (per-release; see sources.json),CA Secretary of State — Report of Registration (https://elections.cdn.sos.ca.gov/ror/ror-pages/15day-gen-02/county.pdf),"Certified Statement of Vote (DOE SOV sf021105.xls (mirror/doe-archives), sheet 'PROPOSITIONS')","Certified Statement of Vote (DOE SOV sf021105.xls (mirror/doe-archives), sheet 'PROPOSITIONS')",
2002-12-10,Municipal,,,93537,,19079,16818,35897,,archival recovery (per-release; see sources.json),,SF Dept. of Elections historical turnout table (1899–2019),SF Dept. of Elections historical turnout table (1899–2019),
2003-10-07,Recall,2003-09-22,580024,454929,454931,187647,81496,269143,CA Secretary of State — Report of Registration (https://elections.cdn.sos.ca.gov/ror/ror-pages/15day-stwdsp-03/county.pdf),archival recovery (per-release; see sources.json),CA Secretary of State — Report of Registration (https://elections.cdn.sos.ca.gov/ror/ror-pages/15day-stwdsp-03/county.pdf),SF Dept. of Elections historical turnout table (1899–2019),SF Dept. of Elections historical turnout table (1899–2019),
2003-11-04,Municipal,2003-09-22,580024,459213,454931,140010,69713,209723,CA Secretary of State — Report of Registration (https://elections.cdn.sos.ca.gov/ror/ror-pages/15day-stwdsp-03/county.pdf),archival recovery (per-release; see sources.json),CA Secretary of State — Report of Registration (https://elections.cdn.sos.ca.gov/ror/ror-pages/15day-stwdsp-03/county.pdf),SF Dept. of Elections historical turnout table (1899–2019),SF Dept. of Elections historical turnout table (1899–2019),
2003-12-09,Municipal,,,466127,,162673,91199,253872,,archival recovery (per-release; see sources.json),,SF Dept. of Elections historical turnout table (1899–2019),SF Dept. of Elections historical turnout table (1899–2019),
2004-03-02,Primary,2004-02-17,570808,448948,448948,120104,70724,190828,CA Secretary of State — Report of Registration (https://elections.cdn.sos.ca.gov/ror/ror-pages/15day-presprim-04/county.pdf),archival recovery (per-release; see sources.json),CA Secretary of State — Report of Registration (https://elections.cdn.sos.ca.gov/ror/ror-pages/15day-presprim-04/county.pdf),Certified Statement of Vote (https://elections.cdn.sos.ca.gov/sov/2004-primary/voter_part_by_county.pdf),Certified Statement of Vote (https://elections.cdn.sos.ca.gov/sov/2004-primary/voter_part_by_county.pdf),
2004-11-02,General,2004-10-18,571538,486937,486822,226354,135468,361822,CA Secretary of State — Report of Registration (https://elections.cdn.sos.ca.gov/ror/ror-pages/15day-presgen-04/county.pdf),archival recovery (per-release; see sources.json),CA Secretary of State — Report of Registration (https://elections.cdn.sos.ca.gov/ror/ror-pages/15day-presgen-04/county.pdf),Certified Statement of Vote (https://elections.cdn.sos.ca.gov/sov/2004-general/sov_pref_pg7_8_voter_participation_stats.pdf),Certified Statement of Vote (https://elections.cdn.sos.ca.gov/sov/2004-general/sov_pref_pg7_8_voter_participation_stats.pdf),
2005-11-08,Municipal,2005-10-24,578065,428481,427539,136897,92817,229714,CA Secretary of State — Report of Registration (https://elections.cdn.sos.ca.gov/ror/ror-pages/15day-spstwd-05/county.pdf),archival recovery (per-release; see sources.json),CA Secretary of State — Report of Registration (https://elections.cdn.sos.ca.gov/ror/ror-pages/15day-spstwd-05/county.pdf),Certified Statement of Vote (https://elections.cdn.sos.ca.gov/sov/2005-special/sov_pref_pgvi_vii_voter_participation_stats.pdf),Certified Statement of Vote (https://elections.cdn.sos.ca.gov/sov/2005-special/sov_pref_pgvi_vii_voter_participation_stats.pdf),
2006-06-06,Primary,2006-05-22,575791,421094,421094,81132,75140,156272,CA Secretary of State — Report of Registration (https://elections.cdn.sos.ca.gov/ror/ror-pages/15day-prim-06/county.pdf),archival recovery (per-release; see sources.json),CA Secretary of State — Report of Registration (https://elections.cdn.sos.ca.gov/ror/ror-pages/15day-prim-06/county.pdf),Certified Statement of Vote (https://elections.cdn.sos.ca.gov/sov/2006-primary/p5regandpart.pdf),Certified Statement of Vote (https://elections.cdn.sos.ca.gov/sov/2006-primary/p5regandpart.pdf),
2006-11-07,General,2006-10-23,577544,418285,418285,145371,108348,253719,CA Secretary of State — Report of Registration (https://elections.cdn.sos.ca.gov/ror/ror-pages/15day-gen-06/county.pdf),archival recovery (per-release; see sources.json),CA Secretary of State — Report of Registration (https://elections.cdn.sos.ca.gov/ror/ror-pages/15day-gen-06/county.pdf),Certified Statement of Vote (https://elections.cdn.sos.ca.gov/sov/2006-general/complete_sov.pdf),Certified Statement of Vote (https://elections.cdn.sos.ca.gov/sov/2006-general/complete_sov.pdf),
2007-11-06,Municipal,,,419598,,71276,78189,149465,,archival recovery (per-release; see sources.json),,SF Dept. of Elections historical turnout table (1899–2019),SF Dept. of Elections historical turnout table (1899–2019),
2008-02-05,Primary,2008-01-22,592185,415761,415761,158995,110217,269212,CA Secretary of State — Report of Registration (https://elections.cdn.sos.ca.gov/ror/ror-pages/15day-presprim-08/county.pdf),archival recovery (per-release; see sources.json),CA Secretary of State — Report of Registration (https://elections.cdn.sos.ca.gov/ror/ror-pages/15day-presprim-08/county.pdf),Certified Statement of Vote (https://elections.cdn.sos.ca.gov/sov/2008-primary/04_voter_stats_by_county_feb08.pdf),Certified Statement of Vote (https://elections.cdn.sos.ca.gov/sov/2008-primary/04_voter_stats_by_county_feb08.pdf),
2008-04-08,Special,,,79340,,5332,14410,19742,,SF Dept. of Elections historical turnout table (1899–2019),,SF Dept. of Elections historical turnout table (1899–2019),SF Dept. of Elections historical turnout table (1899–2019),
2008-06-03,Primary,2008-05-19,594741,430259,430259,83441,89594,173035,CA Secretary of State — Report of Registration (https://elections.cdn.sos.ca.gov/ror/ror-pages/15day-stwddirprim-08/county.pdf),archival recovery (per-release; see sources.json),CA Secretary of State — Report of Registration (https://elections.cdn.sos.ca.gov/ror/ror-pages/15day-stwddirprim-08/county.pdf),Certified Statement of Vote (https://elections.cdn.sos.ca.gov/sov/2008-statewide-direct-primary/03_voter_stats_by_county_june_08.pdf),Certified Statement of Vote (https://elections.cdn.sos.ca.gov/sov/2008-statewide-direct-primary/03_voter_stats_by_county_june_08.pdf),
2008-11-04,General,2008-10-20,599667,477651,477356,209527,178585,388112,CA Secretary of State — Report of Registration (https://elections.cdn.sos.ca.gov/ror/ror-pages/15day-presgen-08/county.pdf),archival recovery (per-release; see sources.json),CA Secretary of State — Report of Registration (https://elections.cdn.sos.ca.gov/ror/ror-pages/15day-presgen-08/county.pdf),Certified Statement of Vote (https://elections.cdn.sos.ca.gov/sov/2008-general/3_voter_part_stats_by_county.pdf),Certified Statement of Vote (https://elections.cdn.sos.ca.gov/sov/2008-general/3_voter_part_stats_by_county.pdf),
2009-05-19,Special,,,465428,,46920,83724,130644,,archival recovery (per-release; see sources.json),,SF Dept. of Elections historical turnout table (1899–2019),SF Dept. of Elections historical turnout table (1899–2019),
2009-11-03,Municipal,,,451988,,32464,69597,102061,,archival recovery (per-release; see sources.json),,SF Dept. of Elections historical turnout table (1899–2019),SF Dept. of Elections historical turnout table (1899–2019),
2010-06-08,Primary,2010-05-24,617885,447985,447985,63607,91926,155533,CA Secretary of State — Report of Registration (https://elections.cdn.sos.ca.gov/ror/ror-pages/15day-prim-10/county.pdf),archival recovery (per-release; see sources.json),CA Secretary of State — Report of Registration (https://elections.cdn.sos.ca.gov/ror/ror-pages/15day-prim-10/county.pdf),Certified Statement of Vote (https://sfelections.org/results/20100608/summary.php (per-party turnout blocks summed)),Certified Statement of Vote (https://sfelections.org/results/20100608/summary.php (per-party turnout blocks summed)),
2010-11-02,General,2010-10-18,620651,461771,461768,141319,143306,284625,CA Secretary of State — Report of Registration (https://elections.cdn.sos.ca.gov/ror/ror-pages/15day-gen-10/county.pdf),archival recovery (per-release; see sources.json),CA Secretary of State — Report of Registration (https://elections.cdn.sos.ca.gov/ror/ror-pages/15day-gen-10/county.pdf),Certified Statement of Vote (https://elections.cdn.sos.ca.gov/sov/2010-general/03-voter-particpation-stats-by-county.pdf),Certified Statement of Vote (https://elections.cdn.sos.ca.gov/sov/2010-general/03-voter-particpation-stats-by-county.pdf),
2011-11-08,Municipal,,,464380,,84269,112973,197242,,archival recovery (per-release; see sources.json),,SF Dept. of Elections historical turnout table (1899–2019),SF Dept. of Elections historical turnout table (1899–2019),
2012-06-05,Primary,,,470668,,49779,95326,145105,,archival recovery (per-release; see sources.json),,Certified Statement of Vote (https://elections.cdn.sos.ca.gov/sov/2012-primary/pdf/03-voter-reg-stats-by-county.pdf),Certified Statement of Vote (https://elections.cdn.sos.ca.gov/sov/2012-primary/pdf/03-voter-reg-stats-by-county.pdf),
2012-11-06,General,,,502841,,171679,193196,364875,,archival recovery (per-release; see sources.json),,SF Dept. of Elections certified results release (https://www.sfelections.org/results/20121106/),SF Dept. of Elections certified results release (https://www.sfelections.org/results/20121106/),
2013-11-05,Municipal,,,440028,,43534,85403,128937,,archival recovery (per-release; see sources.json),,SF Dept. of Elections historical turnout table (1899–2019),SF Dept. of Elections historical turnout table (1899–2019),
2014-06-03,Primary,2014-05-19,622063,435757,434922,39406,89993,129399,CA Secretary of State — Report of Registration (https://elections.cdn.sos.ca.gov/ror/ror-pages/15day-primary-2014/county.pdf),archival recovery (per-release; see sources.json),CA Secretary of State — Report of Registration (https://elections.cdn.sos.ca.gov/ror/ror-pages/15day-primary-2014/county.pdf),Certified Statement of Vote (https://elections.cdn.sos.ca.gov/sov/2014-primary/pdf/03-voter-particpiation-stats-by-county.pdf),Certified Statement of Vote (https://elections.cdn.sos.ca.gov/sov/2014-primary/pdf/03-voter-particpiation-stats-by-county.pdf),
2014-11-04,General,2014-10-20,625446,436019,433844,94995,136219,231214,CA Secretary of State — Report of Registration (https://elections.cdn.sos.ca.gov/ror/ror-pages/15day-general-2014/county.pdf),archival recovery (per-release; see sources.json),CA Secretary of State — Report of Registration (https://elections.cdn.sos.ca.gov/ror/ror-pages/15day-general-2014/county.pdf),Certified Statement of Vote (https://elections.cdn.sos.ca.gov/sov/2014-general/pdf/03-voter-particpiation-stats-by-county.pdf),Certified Statement of Vote (https://elections.cdn.sos.ca.gov/sov/2014-general/pdf/03-voter-particpiation-stats-by-county.pdf),
2015-11-03,Municipal,,,446828,,77274,125795,203069,,SF Dept. of Elections certified results,,SF Dept. of Elections certified results release (https://www.sfelections.org/results/20151103/data/20151113/summary.txt),SF Dept. of Elections certified results release (https://www.sfelections.org/results/20151103/data/20151113/summary.txt),
2016-06-07,Primary,2016-05-23,644082,468238,462927,105039,159954,264993,CA Secretary of State — Report of Registration (https://elections.cdn.sos.ca.gov/ror/15day-presprim-2016/county.pdf),SF Dept. of Elections certified results,CA Secretary of State — Report of Registration (https://elections.cdn.sos.ca.gov/ror/15day-presprim-2016/county.pdf),SF Dept. of Elections certified results release (https://www.sfelections.org/results/20160607/data/20160621/summary.txt),SF Dept. of Elections certified results release (https://www.sfelections.org/results/20160607/data/20160621/summary.txt),
2016-11-08,General,2016-10-24,646945,513573,512723,151437,263091,414528,CA Secretary of State — Report of Registration (https://elections.cdn.sos.ca.gov/ror/ror-pages/15day-gen-16/county.pdf),SF Dept. of Elections certified results,CA Secretary of State — Report of Registration (https://elections.cdn.sos.ca.gov/ror/ror-pages/15day-gen-16/county.pdf),SF Dept. of Elections certified results release (https://www.sfelections.org/results/20161108/data/20161201/summary.txt),SF Dept. of Elections certified results release (https://www.sfelections.org/results/20161108/data/20161201/summary.txt),
2018-06-05,Primary,2018-05-21,657193,478113,481977,89756,163827,253583,CA Secretary of State — Report of Registration (https://elections.cdn.sos.ca.gov/ror/15day-stwddirprim-2018/county.pdf),SF Dept. of Elections certified results,CA Secretary of State — Report of Registration (https://elections.cdn.sos.ca.gov/ror/15day-stwddirprim-2018/county.pdf),SF Dept. of Elections certified results release (https://www.sfelections.org/results/20180605/data/20180621/summary.txt),SF Dept. of Elections certified results release (https://www.sfelections.org/results/20180605/data/20180621/summary.txt),
2018-11-06,General,2018-10-22,660296,500516,500051,127886,244962,372848,CA Secretary of State — Report of Registration (https://elections.cdn.sos.ca.gov/ror/15day-gen-2018/county.pdf),SF Dept. of Elections certified results,CA Secretary of State — Report of Registration (https://elections.cdn.sos.ca.gov/ror/15day-gen-2018/county.pdf),SF Dept. of Elections certified results release (https://www.sfelections.org/results/20181106/data/20181126/summary.txt),SF Dept. of Elections certified results release (https://www.sfelections.org/results/20181106/data/20181126/summary.txt),
2019-11-05,Municipal,,,495050,,59428,146662,206090,,SF Dept. of Elections certified results,,SF Dept. of Elections certified results release (https://www.sfelections.org/results/20191105/data/20191114/summary.xml),SF Dept. of Elections certified results release (https://www.sfelections.org/results/20191105/data/20191114/summary.xml),
2020-03-03,Primary,2020-02-18,656600,503899,505246,107184,198000,305184,CA Secretary of State — Report of Registration (https://elections.cdn.sos.ca.gov/ror/15day-presprim-2020/county.pdf),SF Dept. of Elections certified results,CA Secretary of State — Report of Registration (https://elections.cdn.sos.ca.gov/ror/15day-presprim-2020/county.pdf),SF Dept. of Elections certified results release (https://www.sfelections.org/results/20200303/data/20200326/summary.xml),SF Dept. of Elections certified results release (https://www.sfelections.org/results/20200303/data/20200326/summary.xml),
2020-11-03,General,2020-10-19,668567,521099,521771,38455,411411,449866,CA Secretary of State — Report of Registration (https://elections.cdn.sos.ca.gov/ror/15day-gen-2020/county.pdf),SF Dept. of Elections certified results,CA Secretary of State — Report of Registration (https://elections.cdn.sos.ca.gov/ror/15day-gen-2020/county.pdf),SF Dept. of Elections certified results release (https://www.sfelections.org/results/20201103/data/20201201/summary.xml),SF Dept. of Elections certified results release (https://www.sfelections.org/results/20201103/data/20201201/summary.xml),
2021-09-14,Recall,2021-08-30,641338,501919,503841,28836,312219,341055,CA Secretary of State — Report of Registration (https://elections.cdn.sos.ca.gov/ror/15day-recall-2021/county.pdf),SF Dept. of Elections certified results,CA Secretary of State — Report of Registration (https://elections.cdn.sos.ca.gov/ror/15day-recall-2021/county.pdf),SF Dept. of Elections certified results release (https://www.sfelections.org/results/20210914/data/20211005/summary.xml),SF Dept. of Elections certified results release (https://www.sfelections.org/results/20210914/data/20211005/summary.xml),
2022-02-15,Special,,,499771,,11912,168069,179981,,SF Dept. of Elections certified results,,SF Dept. of Elections certified results release (https://www.sfelections.org/results/20220215/data/20220223/summary.xml),SF Dept. of Elections certified results release (https://www.sfelections.org/results/20220215/data/20220223/summary.xml),
2022-04-19,Special,,,268722,,3715,75049,78764,,SF Dept. of Elections certified results,,SF Dept. of Elections certified results release (https://www.sfelections.org/results/20220419/data/20220427/summary.xml),SF Dept. of Elections certified results release (https://www.sfelections.org/results/20220419/data/20220427/summary.xml),
2022-06-07,Primary,2022-05-23,662363,495498,496649,22180,207049,229229,CA Secretary of State — Report of Registration (https://elections.cdn.sos.ca.gov/ror/15day-primary-2022/county.pdf),SF Dept. of Elections certified results,CA Secretary of State — Report of Registration (https://elections.cdn.sos.ca.gov/ror/15day-primary-2022/county.pdf),SF Dept. of Elections certified results release (https://www.sfelections.org/results/20220607/data/20220621/summary.xml),SF Dept. of Elections certified results release (https://www.sfelections.org/results/20220607/data/20220621/summary.xml),
2022-11-08,General,2022-10-24,660132,497561,498197,35595,274476,310071,CA Secretary of State — Report of Registration (https://elections.cdn.sos.ca.gov/ror/15day-general-2022/county.pdf),SF Dept. of Elections certified results,CA Secretary of State — Report of Registration (https://elections.cdn.sos.ca.gov/ror/15day-general-2022/county.pdf),SF Dept. of Elections certified results release (https://www.sfelections.org/results/20221108/data/20221129/summary.xml),SF Dept. of Elections certified results release (https://www.sfelections.org/results/20221108/data/20221129/summary.xml),
2024-03-05,Primary,2024-02-20,649207,500856,501463,27929,205536,233465,CA Secretary of State — Report of Registration (https://elections.cdn.sos.ca.gov/ror/15day-presprim-2024/county.pdf),SF Dept. of Elections certified results,CA Secretary of State — Report of Registration (https://elections.cdn.sos.ca.gov/ror/15day-presprim-2024/county.pdf),SF Dept. of Elections certified results release (https://www.sfelections.org/results/20240305/data/20240321/summary.xml),SF Dept. of Elections certified results release (https://www.sfelections.org/results/20240305/data/20240321/summary.xml),
2024-11-05,General,2024-10-21,663453,522265,520203,58688,353543,412231,CA Secretary of State — Report of Registration (https://elections.cdn.sos.ca.gov/ror/15day-gen-2024/county.pdf),SF Dept. of Elections certified results,CA Secretary of State — Report of Registration (https://elections.cdn.sos.ca.gov/ror/15day-gen-2024/county.pdf),SF Dept. of Elections certified results release (https://www.sfelections.org/results/20241105/data/20241203/summary.xml),SF Dept. of Elections certified results release (https://www.sfelections.org/results/20241105/data/20241203/summary.xml),
2025-09-16,Recall,,,50273,,1170,20372,21542,,SF Dept. of Elections certified results,,SF Dept. of Elections certified results release (https://www.sfelections.org/results/20250916/data/20250925/summary.xml),SF Dept. of Elections certified results release (https://www.sfelections.org/results/20250916/data/20250925/summary.xml),
2025-11-04,Special,2025-10-20,660000,531310,532195,28328,266904,295232,CA Secretary of State — Report of Registration (https://elections.cdn.sos.ca.gov/ror/15day-special-2025/county.pdf),SF Dept. of Elections certified results,CA Secretary of State — Report of Registration (https://elections.cdn.sos.ca.gov/ror/15day-special-2025/county.pdf),SF Dept. of Elections certified results release (https://www.sfelections.org/results/20251104/data/20251203/summary.xml),SF Dept. of Elections certified results release (https://www.sfelections.org/results/20251104/data/20251203/summary.xml),
2026-06-02,Primary,2026-05-18,658495,533546,533629,24269,235019,259288,CA Secretary of State — Report of Registration (https://elections.cdn.sos.ca.gov/ror/15day-primary-2026/county.pdf),SF Dept. of Elections certified results,CA Secretary of State — Report of Registration (https://elections.cdn.sos.ca.gov/ror/15day-primary-2026/county.pdf),SF Dept. of Elections certified results release (https://www.sfelections.org/results/20260602/data/20260609/summary.xml),SF Dept. of Elections certified results release (https://www.sfelections.org/results/20260602/data/20260609/summary.xml),
